weight1,weight2,weight3,weight4,weight5,weight6,weight7,weight8,weight9,bias
0.020111491967939387,0.004214031975814866,0.05957011250584032,-0.06523088257639682,0.014175532831290095,0.16905246804616872,-0.28841565281461573,0.14874773024831386,0.8535184605640277,2.44507466354312
Average error
45.45531601813158
