weight1,weight2,weight3,weight4,weight5,weight6,weight7,weight8,weight9,bias
0.00131284,-0.035669917,0.202585826,-0.209308084,-0.033149234,0.43248255,-0.532931825,0.06405317,1.039217067,2.027097752
Average error,,,,,,,,,
38.98967113,,,,,,,,,
